{"cameraMode":{"drawMode":0,"name":"Shaded","section":"Shading Mode"},"sceneLighting":false,"audioPlay":false,"sceneViewState":{"showFog":false,"showMaterialUpdate":false,"showSkybox":false,"showFlares":false,"showImageEffects":false,"showParticleSystems":false},"in2DMode":false,"pivot":{"x":12.7095947265625,"y":2.349022150039673,"z":0.4413880705833435},"rotation":{"x":-0.07348080724477768,"y":-0.5694995522499085,"z":-0.051220208406448367,"w":0.8171067833900452},"size":0.17778801918029786,"orthographic":false}