{"cameraMode":{"drawMode":0,"name":"Shaded","section":"Shading Mode"},"sceneLighting":false,"audioPlay":false,"sceneViewState":{"showFog":false,"showMaterialUpdate":false,"showSkybox":false,"showFlares":false,"showImageEffects":false,"showParticleSystems":false},"in2DMode":false,"pivot":{"x":12.612237930297852,"y":3.383281707763672,"z":6.307366371154785},"rotation":{"x":-0.030462035909295083,"y":0.45379409193992617,"z":0.015511644072830677,"w":0.8904640078544617},"size":9.902013778686524,"orthographic":false}