{"cameraMode":{"drawMode":0,"name":"Shaded","section":"Shading Mode"},"sceneLighting":false,"audioPlay":false,"sceneViewState":{"showFog":false,"showMaterialUpdate":false,"showSkybox":false,"showFlares":false,"showImageEffects":false,"showParticleSystems":false},"in2DMode":false,"pivot":{"x":1.113389015197754,"y":1.0526413917541505,"z":5.860683917999268},"rotation":{"x":0.08287201076745987,"y":0.597021758556366,"z":-0.062211714684963229,"w":0.7955193519592285},"size":3.1662940979003908,"orthographic":false}