{"cameraMode":{"drawMode":0,"name":"Shaded","section":"Shading Mode"},"sceneLighting":false,"audioPlay":false,"sceneViewState":{"showFog":false,"showMaterialUpdate":false,"showSkybox":false,"showFlares":false,"showImageEffects":false,"showParticleSystems":false},"in2DMode":false,"pivot":{"x":22.879180908203126,"y":0.4045696258544922,"z":46.15241241455078},"rotation":{"x":-0.1153629943728447,"y":0.647638738155365,"z":-0.10006213188171387,"w":-0.7465090155601502},"size":42.02055358886719,"orthographic":false}